TRACK,TREATMENT,LABEL,FUTURE,ADJUST,METHOD,CURVE
2,CC,product.HarvestedVolume.managed.FD.CC,0,R,,14
2,CC,product.HarvestedVolume.managed.Total.CC,0,R,,14
2,CC,product.SpeciesProp.managed.FD,0,R,,15
2,CC,product.Treated.managed.CC,0,R,,15
2,CC,product.Yield.managed.FD,0,R,,14
2,CC,product.Yield.managed.Total,0,R,,14
3,CC,product.HarvestedVolume.managed.FD.CC,0,R,,22
3,CC,product.HarvestedVolume.managed.PLI.CC,0,R,,23
3,CC,product.HarvestedVolume.managed.SW.CC,0,R,,24
3,CC,product.HarvestedVolume.managed.Total.CC,0,R,,14
3,CC,product.SpeciesProp.managed.FD,0,R,,25
3,CC,product.SpeciesProp.managed.PLI,0,R,,26
3,CC,product.SpeciesProp.managed.SW,0,R,,27
3,CC,product.Treated.managed.CC,0,R,,15
3,CC,product.Yield.managed.FD,0,R,,22
3,CC,product.Yield.managed.PLI,0,R,,23
3,CC,product.Yield.managed.SW,0,R,,24
3,CC,product.Yield.managed.Total,0,R,,14
15,CC,product.HarvestedVolume.managed.AT.CC,0,R,,87
15,CC,product.HarvestedVolume.managed.FD.CC,0,R,,88
15,CC,product.HarvestedVolume.managed.SX.CC,0,R,,87
15,CC,product.HarvestedVolume.managed.Total.CC,0,R,,89
15,CC,product.SpeciesProp.managed.AT,0,R,,90
15,CC,product.SpeciesProp.managed.FD,0,R,,91
15,CC,product.SpeciesProp.managed.SX,0,R,,90
15,CC,product.Treated.managed.CC,0,R,,92
15,CC,product.Yield.managed.AT,0,R,,87
15,CC,product.Yield.managed.FD,0,R,,88
15,CC,product.Yield.managed.SX,0,R,,87
15,CC,product.Yield.managed.Total,0,R,,89
16,CC,product.HarvestedVolume.managed.AT.CC,0,R,,101
16,CC,product.HarvestedVolume.managed.FD.CC,0,R,,102
16,CC,product.HarvestedVolume.managed.PLI.CC,0,R,,103
16,CC,product.HarvestedVolume.managed.SW.CC,0,R,,104
16,CC,product.HarvestedVolume.managed.SX.CC,0,R,,101
16,CC,product.HarvestedVolume.managed.Total.CC,0,R,,89
16,CC,product.SpeciesProp.managed.AT,0,R,,105
16,CC,product.SpeciesProp.managed.FD,0,R,,106
16,CC,product.SpeciesProp.managed.PLI,0,R,,107
16,CC,product.SpeciesProp.managed.SW,0,R,,108
16,CC,product.SpeciesProp.managed.SX,0,R,,105
16,CC,product.Treated.managed.CC,0,R,,92
16,CC,product.Yield.managed.AT,0,R,,101
16,CC,product.Yield.managed.FD,0,R,,102
16,CC,product.Yield.managed.PLI,0,R,,103
16,CC,product.Yield.managed.SW,0,R,,104
16,CC,product.Yield.managed.SX,0,R,,101
16,CC,product.Yield.managed.Total,0,R,,89
21,CC,product.HarvestedVolume.managed.PL.CC,0,R,,145
21,CC,product.HarvestedVolume.managed.S.CC,0,R,,146
21,CC,product.HarvestedVolume.managed.SX.CC,0,R,,147
21,CC,product.HarvestedVolume.managed.Total.CC,0,R,,148
21,CC,product.SpeciesProp.managed.PL,0,R,,149
21,CC,product.SpeciesProp.managed.S,0,R,,150
21,CC,product.SpeciesProp.managed.SX,0,R,,151
21,CC,product.Treated.managed.CC,0,R,,152
21,CC,product.Yield.managed.PL,0,R,,145
21,CC,product.Yield.managed.S,0,R,,146
21,CC,product.Yield.managed.SX,0,R,,147
21,CC,product.Yield.managed.Total,0,R,,148
22,CC,product.HarvestedVolume.managed.PL.CC,0,R,,161
22,CC,product.HarvestedVolume.managed.S.CC,0,R,,162
22,CC,product.HarvestedVolume.managed.SW.CC,0,R,,163
22,CC,product.HarvestedVolume.managed.SX.CC,0,R,,164
22,CC,product.HarvestedVolume.managed.Total.CC,0,R,,148
22,CC,product.SpeciesProp.managed.PL,0,R,,165
22,CC,product.SpeciesProp.managed.S,0,R,,166
22,CC,product.SpeciesProp.managed.SW,0,R,,167
22,CC,product.SpeciesProp.managed.SX,0,R,,168
22,CC,product.Treated.managed.CC,0,R,,152
22,CC,product.Yield.managed.PL,0,R,,161
22,CC,product.Yield.managed.S,0,R,,162
22,CC,product.Yield.managed.SW,0,R,,163
22,CC,product.Yield.managed.SX,0,R,,164
22,CC,product.Yield.managed.Total,0,R,,148
23,CC,product.HarvestedVolume.managed.PL.CC,0,R,,175
23,CC,product.HarvestedVolume.managed.PLI.CC,0,R,,176
23,CC,product.HarvestedVolume.managed.S.CC,0,R,,177
23,CC,product.HarvestedVolume.managed.SX.CC,0,R,,178
23,CC,product.HarvestedVolume.managed.Total.CC,0,R,,179
23,CC,product.SpeciesProp.managed.PL,0,R,,180
23,CC,product.SpeciesProp.managed.PLI,0,R,,181
23,CC,product.SpeciesProp.managed.S,0,R,,182
23,CC,product.SpeciesProp.managed.SX,0,R,,183
23,CC,product.Treated.managed.CC,0,R,,184
23,CC,product.Yield.managed.PL,0,R,,175
23,CC,product.Yield.managed.PLI,0,R,,176
23,CC,product.Yield.managed.S,0,R,,177
23,CC,product.Yield.managed.SX,0,R,,178
23,CC,product.Yield.managed.Total,0,R,,179
24,CC,product.HarvestedVolume.managed.PL.CC,0,R,,195
24,CC,product.HarvestedVolume.managed.PLI.CC,0,R,,196
24,CC,product.HarvestedVolume.managed.S.CC,0,R,,197
24,CC,product.HarvestedVolume.managed.SW.CC,0,R,,198
24,CC,product.HarvestedVolume.managed.SX.CC,0,R,,199
24,CC,product.HarvestedVolume.managed.Total.CC,0,R,,179
24,CC,product.SpeciesProp.managed.PL,0,R,,200
24,CC,product.SpeciesProp.managed.PLI,0,R,,201
24,CC,product.SpeciesProp.managed.S,0,R,,202
24,CC,product.SpeciesProp.managed.SW,0,R,,203
24,CC,product.SpeciesProp.managed.SX,0,R,,204
24,CC,product.Treated.managed.CC,0,R,,184
24,CC,product.Yield.managed.PL,0,R,,195
24,CC,product.Yield.managed.PLI,0,R,,196
24,CC,product.Yield.managed.S,0,R,,197
24,CC,product.Yield.managed.SW,0,R,,198
24,CC,product.Yield.managed.SX,0,R,,199
24,CC,product.Yield.managed.Total,0,R,,179
26,CC,product.HarvestedVolume.managed.PLI.CC,0,R,,216
26,CC,product.HarvestedVolume.managed.Total.CC,0,R,,216
26,CC,product.SpeciesProp.managed.PLI,0,R,,217
26,CC,product.Treated.managed.CC,0,R,,217
26,CC,product.Yield.managed.PLI,0,R,,216
26,CC,product.Yield.managed.Total,0,R,,216
27,CC,product.HarvestedVolume.managed.PLI.CC,0,R,,216
27,CC,product.HarvestedVolume.managed.Total.CC,0,R,,216
27,CC,product.SpeciesProp.managed.PLI,0,R,,217
27,CC,product.Treated.managed.CC,0,R,,217
27,CC,product.Yield.managed.PLI,0,R,,216
27,CC,product.Yield.managed.Total,0,R,,216
28,CC,product.HarvestedVolume.managed.AT.CC,0,R,,224
28,CC,product.HarvestedVolume.managed.PL.CC,0,R,,225
28,CC,product.HarvestedVolume.managed.Total.CC,0,R,,226
28,CC,product.SpeciesProp.managed.AT,0,R,,227
28,CC,product.SpeciesProp.managed.PL,0,R,,228
28,CC,product.Treated.managed.CC,0,R,,229
28,CC,product.Yield.managed.AT,0,R,,224
28,CC,product.Yield.managed.PL,0,R,,225
28,CC,product.Yield.managed.Total,0,R,,226
29,CC,product.HarvestedVolume.managed.AT.CC,0,R,,234
29,CC,product.HarvestedVolume.managed.PL.CC,0,R,,235
29,CC,product.HarvestedVolume.managed.Total.CC,0,R,,226
29,CC,product.SpeciesProp.managed.AT,0,R,,236
29,CC,product.SpeciesProp.managed.PL,0,R,,237
29,CC,product.Treated.managed.CC,0,R,,229
29,CC,product.Yield.managed.AT,0,R,,234
29,CC,product.Yield.managed.PL,0,R,,235
29,CC,product.Yield.managed.Total,0,R,,226
30,CC,product.HarvestedVolume.managed.FD.CC,0,R,,244
30,CC,product.HarvestedVolume.managed.FDI.CC,0,R,,245
30,CC,product.HarvestedVolume.managed.SX.CC,0,R,,246
30,CC,product.HarvestedVolume.managed.Total.CC,0,R,,247
30,CC,product.SpeciesProp.managed.FD,0,R,,248
30,CC,product.SpeciesProp.managed.FDI,0,R,,249
30,CC,product.SpeciesProp.managed.SX,0,R,,250
30,CC,product.Treated.managed.CC,0,R,,152
30,CC,product.Yield.managed.FD,0,R,,244
30,CC,product.Yield.managed.FDI,0,R,,245
30,CC,product.Yield.managed.SX,0,R,,246
30,CC,product.Yield.managed.Total,0,R,,247
31,CC,product.HarvestedVolume.managed.FD.CC,0,R,,257
31,CC,product.HarvestedVolume.managed.FDI.CC,0,R,,258
31,CC,product.HarvestedVolume.managed.SX.CC,0,R,,259
31,CC,product.HarvestedVolume.managed.Total.CC,0,R,,247
31,CC,product.SpeciesProp.managed.FD,0,R,,260
31,CC,product.SpeciesProp.managed.FDI,0,R,,261
31,CC,product.SpeciesProp.managed.SX,0,R,,262
31,CC,product.Treated.managed.CC,0,R,,152
31,CC,product.Yield.managed.FD,0,R,,257
31,CC,product.Yield.managed.FDI,0,R,,258
31,CC,product.Yield.managed.SX,0,R,,259
31,CC,product.Yield.managed.Total,0,R,,247
32,CC,product.HarvestedVolume.managed.PLI.CC,0,R,,264
32,CC,product.HarvestedVolume.managed.Total.CC,0,R,,264
32,CC,product.SpeciesProp.managed.PLI,0,R,,217
32,CC,product.Treated.managed.CC,0,R,,217
32,CC,product.Yield.managed.PLI,0,R,,264
32,CC,product.Yield.managed.Total,0,R,,264
33,CC,product.HarvestedVolume.managed.PL.CC,0,R,,270
33,CC,product.HarvestedVolume.managed.PLI.CC,0,R,,271
33,CC,product.HarvestedVolume.managed.SW.CC,0,R,,272
33,CC,product.HarvestedVolume.managed.Total.CC,0,R,,264
33,CC,product.SpeciesProp.managed.PL,0,R,,273
33,CC,product.SpeciesProp.managed.PLI,0,R,,274
33,CC,product.SpeciesProp.managed.SW,0,R,,275
33,CC,product.Treated.managed.CC,0,R,,217
33,CC,product.Yield.managed.PL,0,R,,270
33,CC,product.Yield.managed.PLI,0,R,,271
33,CC,product.Yield.managed.SW,0,R,,272
33,CC,product.Yield.managed.Total,0,R,,264
34,CC,product.HarvestedVolume.managed.PLI.CC,0,R,,281
34,CC,product.HarvestedVolume.managed.SX.CC,0,R,,282
34,CC,product.HarvestedVolume.managed.Total.CC,0,R,,283
34,CC,product.SpeciesProp.managed.PLI,0,R,,284
34,CC,product.SpeciesProp.managed.SX,0,R,,285
34,CC,product.Treated.managed.CC,0,R,,286
34,CC,product.Yield.managed.PLI,0,R,,281
34,CC,product.Yield.managed.SX,0,R,,282
34,CC,product.Yield.managed.Total,0,R,,283
35,CC,product.HarvestedVolume.managed.PL.CC,0,R,,294
35,CC,product.HarvestedVolume.managed.PLI.CC,0,R,,295
35,CC,product.HarvestedVolume.managed.SW.CC,0,R,,296
35,CC,product.HarvestedVolume.managed.SX.CC,0,R,,297
35,CC,product.HarvestedVolume.managed.Total.CC,0,R,,283
35,CC,product.SpeciesProp.managed.PL,0,R,,298
35,CC,product.SpeciesProp.managed.PLI,0,R,,299
35,CC,product.SpeciesProp.managed.SW,0,R,,300
35,CC,product.SpeciesProp.managed.SX,0,R,,301
35,CC,product.Treated.managed.CC,0,R,,286
35,CC,product.Yield.managed.PL,0,R,,294
35,CC,product.Yield.managed.PLI,0,R,,295
35,CC,product.Yield.managed.SW,0,R,,296
35,CC,product.Yield.managed.SX,0,R,,297
35,CC,product.Yield.managed.Total,0,R,,283
36,CC,product.HarvestedVolume.managed.PLI.CC,0,R,,308
36,CC,product.HarvestedVolume.managed.S.CC,0,R,,309
36,CC,product.HarvestedVolume.managed.SX.CC,0,R,,310
36,CC,product.HarvestedVolume.managed.Total.CC,0,R,,311
36,CC,product.SpeciesProp.managed.PLI,0,R,,312
36,CC,product.SpeciesProp.managed.S,0,R,,313
36,CC,product.SpeciesProp.managed.SX,0,R,,314
36,CC,product.Treated.managed.CC,0,R,,315
36,CC,product.Yield.managed.PLI,0,R,,308
36,CC,product.Yield.managed.S,0,R,,309
36,CC,product.Yield.managed.SX,0,R,,310
36,CC,product.Yield.managed.Total,0,R,,311
37,CC,product.HarvestedVolume.managed.PLI.CC,0,R,,322
37,CC,product.HarvestedVolume.managed.S.CC,0,R,,323
37,CC,product.HarvestedVolume.managed.SW.CC,0,R,,324
37,CC,product.HarvestedVolume.managed.SX.CC,0,R,,325
37,CC,product.HarvestedVolume.managed.Total.CC,0,R,,311
37,CC,product.SpeciesProp.managed.PLI,0,R,,326
37,CC,product.SpeciesProp.managed.S,0,R,,327
37,CC,product.SpeciesProp.managed.SW,0,R,,328
37,CC,product.SpeciesProp.managed.SX,0,R,,329
37,CC,product.Treated.managed.CC,0,R,,315
37,CC,product.Yield.managed.PLI,0,R,,322
37,CC,product.Yield.managed.S,0,R,,323
37,CC,product.Yield.managed.SW,0,R,,324
37,CC,product.Yield.managed.SX,0,R,,325
37,CC,product.Yield.managed.Total,0,R,,311
38,CC,product.HarvestedVolume.managed.PL.CC,0,R,,332
38,CC,product.HarvestedVolume.managed.Total.CC,0,R,,332
38,CC,product.SpeciesProp.managed.PL,0,R,,217
38,CC,product.Treated.managed.CC,0,R,,217
38,CC,product.Yield.managed.PL,0,R,,332
38,CC,product.Yield.managed.Total,0,R,,332
39,CC,product.HarvestedVolume.managed.PL.CC,0,R,,337
39,CC,product.HarvestedVolume.managed.SW.CC,0,R,,338
39,CC,product.HarvestedVolume.managed.Total.CC,0,R,,332
39,CC,product.SpeciesProp.managed.PL,0,R,,339
39,CC,product.SpeciesProp.managed.SW,0,R,,340
39,CC,product.Treated.managed.CC,0,R,,217
39,CC,product.Yield.managed.PL,0,R,,337
39,CC,product.Yield.managed.SW,0,R,,338
39,CC,product.Yield.managed.Total,0,R,,332
44,CC,product.HarvestedVolume.managed.FDI.CC,0,R,,360
44,CC,product.HarvestedVolume.managed.PLI.CC,0,R,,361
44,CC,product.HarvestedVolume.managed.Total.CC,0,R,,362
44,CC,product.SpeciesProp.managed.FDI,0,R,,363
44,CC,product.SpeciesProp.managed.PLI,0,R,,364
44,CC,product.Treated.managed.CC,0,R,,217
44,CC,product.Yield.managed.FDI,0,R,,360
44,CC,product.Yield.managed.PLI,0,R,,361
44,CC,product.Yield.managed.Total,0,R,,362
45,CC,product.HarvestedVolume.managed.FDI.CC,0,R,,373
45,CC,product.HarvestedVolume.managed.PL.CC,0,R,,374
45,CC,product.HarvestedVolume.managed.PLI.CC,0,R,,375
45,CC,product.HarvestedVolume.managed.SW.CC,0,R,,376
45,CC,product.HarvestedVolume.managed.Total.CC,0,R,,362
45,CC,product.SpeciesProp.managed.FDI,0,R,,377
45,CC,product.SpeciesProp.managed.PL,0,R,,378
45,CC,product.SpeciesProp.managed.PLI,0,R,,379
45,CC,product.SpeciesProp.managed.SW,0,R,,380
45,CC,product.Treated.managed.CC,0,R,,217
45,CC,product.Yield.managed.FDI,0,R,,373
45,CC,product.Yield.managed.PL,0,R,,374
45,CC,product.Yield.managed.PLI,0,R,,375
45,CC,product.Yield.managed.SW,0,R,,376
45,CC,product.Yield.managed.Total,0,R,,362
46,CC,product.HarvestedVolume.managed.PLI.CC,0,R,,382
46,CC,product.HarvestedVolume.managed.Total.CC,0,R,,382
46,CC,product.SpeciesProp.managed.PLI,0,R,,383
46,CC,product.Treated.managed.CC,0,R,,383
46,CC,product.Yield.managed.PLI,0,R,,382
46,CC,product.Yield.managed.Total,0,R,,382
47,CC,product.HarvestedVolume.managed.PL.CC,0,R,,388
47,CC,product.HarvestedVolume.managed.PLI.CC,0,R,,389
47,CC,product.HarvestedVolume.managed.SW.CC,0,R,,390
47,CC,product.HarvestedVolume.managed.Total.CC,0,R,,382
47,CC,product.SpeciesProp.managed.PL,0,R,,391
47,CC,product.SpeciesProp.managed.PLI,0,R,,392
47,CC,product.SpeciesProp.managed.SW,0,R,,393
47,CC,product.Treated.managed.CC,0,R,,383
47,CC,product.Yield.managed.PL,0,R,,388
47,CC,product.Yield.managed.PLI,0,R,,389
47,CC,product.Yield.managed.SW,0,R,,390
47,CC,product.Yield.managed.Total,0,R,,382
50,CC,product.HarvestedVolume.managed.AT.CC,0,R,,402
50,CC,product.HarvestedVolume.managed.PL.CC,0,R,,403
50,CC,product.HarvestedVolume.managed.Total.CC,0,R,,404
50,CC,product.SpeciesProp.managed.AT,0,R,,405
50,CC,product.SpeciesProp.managed.PL,0,R,,406
50,CC,product.Treated.managed.CC,0,R,,383
50,CC,product.Yield.managed.AT,0,R,,402
50,CC,product.Yield.managed.PL,0,R,,403
50,CC,product.Yield.managed.Total,0,R,,404
51,CC,product.HarvestedVolume.managed.AT.CC,0,R,,413
51,CC,product.HarvestedVolume.managed.PL.CC,0,R,,414
51,CC,product.HarvestedVolume.managed.SW.CC,0,R,,415
51,CC,product.HarvestedVolume.managed.Total.CC,0,R,,404
51,CC,product.SpeciesProp.managed.AT,0,R,,416
51,CC,product.SpeciesProp.managed.PL,0,R,,417
51,CC,product.SpeciesProp.managed.SW,0,R,,418
51,CC,product.Treated.managed.CC,0,R,,383
51,CC,product.Yield.managed.AT,0,R,,413
51,CC,product.Yield.managed.PL,0,R,,414
51,CC,product.Yield.managed.SW,0,R,,415
51,CC,product.Yield.managed.Total,0,R,,404
52,CC,product.HarvestedVolume.managed.PL.CC,0,R,,424
52,CC,product.HarvestedVolume.managed.S.CC,0,R,,425
52,CC,product.HarvestedVolume.managed.SX.CC,0,R,,426
52,CC,product.HarvestedVolume.managed.Total.CC,0,R,,427
52,CC,product.SpeciesProp.managed.PL,0,R,,428
52,CC,product.SpeciesProp.managed.S,0,R,,429
52,CC,product.SpeciesProp.managed.SX,0,R,,430
52,CC,product.Treated.managed.CC,0,R,,383
52,CC,product.Yield.managed.PL,0,R,,424
52,CC,product.Yield.managed.S,0,R,,425
52,CC,product.Yield.managed.SX,0,R,,426
52,CC,product.Yield.managed.Total,0,R,,427
53,CC,product.HarvestedVolume.managed.PL.CC,0,R,,439
53,CC,product.HarvestedVolume.managed.S.CC,0,R,,440
53,CC,product.HarvestedVolume.managed.SW.CC,0,R,,441
53,CC,product.HarvestedVolume.managed.SX.CC,0,R,,442
53,CC,product.HarvestedVolume.managed.Total.CC,0,R,,427
53,CC,product.SpeciesProp.managed.PL,0,R,,443
53,CC,product.SpeciesProp.managed.S,0,R,,444
53,CC,product.SpeciesProp.managed.SW,0,R,,445
53,CC,product.SpeciesProp.managed.SX,0,R,,446
53,CC,product.Treated.managed.CC,0,R,,383
53,CC,product.Yield.managed.PL,0,R,,439
53,CC,product.Yield.managed.S,0,R,,440
53,CC,product.Yield.managed.SW,0,R,,441
53,CC,product.Yield.managed.SX,0,R,,442
53,CC,product.Yield.managed.Total,0,R,,427
55,CC,product.HarvestedVolume.managed.PLI.CC,0,R,,452
55,CC,product.HarvestedVolume.managed.Total.CC,0,R,,452
55,CC,product.SpeciesProp.managed.PLI,0,R,,217
55,CC,product.Treated.managed.CC,0,R,,217
55,CC,product.Yield.managed.PLI,0,R,,452
55,CC,product.Yield.managed.Total,0,R,,452
56,CC,product.HarvestedVolume.managed.PL.CC,0,R,,456
56,CC,product.HarvestedVolume.managed.PLI.CC,0,R,,457
56,CC,product.HarvestedVolume.managed.SW.CC,0,R,,458
56,CC,product.HarvestedVolume.managed.Total.CC,0,R,,452
56,CC,product.SpeciesProp.managed.PL,0,R,,378
56,CC,product.SpeciesProp.managed.PLI,0,R,,274
56,CC,product.SpeciesProp.managed.SW,0,R,,380
56,CC,product.Treated.managed.CC,0,R,,217
56,CC,product.Yield.managed.PL,0,R,,456
56,CC,product.Yield.managed.PLI,0,R,,457
56,CC,product.Yield.managed.SW,0,R,,458
56,CC,product.Yield.managed.Total,0,R,,452
59,CC,product.HarvestedVolume.managed.PLI.CC,0,R,,473
59,CC,product.HarvestedVolume.managed.Total.CC,0,R,,473
59,CC,product.SpeciesProp.managed.PLI,0,R,,474
59,CC,product.Treated.managed.CC,0,R,,474
59,CC,product.Yield.managed.PLI,0,R,,473
59,CC,product.Yield.managed.Total,0,R,,473
60,CC,product.HarvestedVolume.managed.PL.CC,0,R,,479
60,CC,product.HarvestedVolume.managed.PLI.CC,0,R,,480
60,CC,product.HarvestedVolume.managed.SW.CC,0,R,,481
60,CC,product.HarvestedVolume.managed.Total.CC,0,R,,473
60,CC,product.SpeciesProp.managed.PL,0,R,,482
60,CC,product.SpeciesProp.managed.PLI,0,R,,483
60,CC,product.SpeciesProp.managed.SW,0,R,,484
60,CC,product.Treated.managed.CC,0,R,,474
60,CC,product.Yield.managed.PL,0,R,,479
60,CC,product.Yield.managed.PLI,0,R,,480
60,CC,product.Yield.managed.SW,0,R,,481
60,CC,product.Yield.managed.Total,0,R,,473
62,CC,product.HarvestedVolume.managed.FD.CC,0,R,,496
62,CC,product.HarvestedVolume.managed.FDI.CC,0,R,,497
62,CC,product.HarvestedVolume.managed.SX.CC,0,R,,498
62,CC,product.HarvestedVolume.managed.Total.CC,0,R,,499
62,CC,product.SpeciesProp.managed.FD,0,R,,500
62,CC,product.SpeciesProp.managed.FDI,0,R,,501
62,CC,product.SpeciesProp.managed.SX,0,R,,502
62,CC,product.Treated.managed.CC,0,R,,217
62,CC,product.Yield.managed.FD,0,R,,496
62,CC,product.Yield.managed.FDI,0,R,,497
62,CC,product.Yield.managed.SX,0,R,,498
62,CC,product.Yield.managed.Total,0,R,,499
63,CC,product.HarvestedVolume.managed.FD.CC,0,R,,507
63,CC,product.HarvestedVolume.managed.FDI.CC,0,R,,508
63,CC,product.HarvestedVolume.managed.SX.CC,0,R,,509
63,CC,product.HarvestedVolume.managed.Total.CC,0,R,,499
63,CC,product.SpeciesProp.managed.FD,0,R,,510
63,CC,product.SpeciesProp.managed.FDI,0,R,,511
63,CC,product.SpeciesProp.managed.SX,0,R,,512
63,CC,product.Treated.managed.CC,0,R,,217
63,CC,product.Yield.managed.FD,0,R,,507
63,CC,product.Yield.managed.FDI,0,R,,508
63,CC,product.Yield.managed.SX,0,R,,509
63,CC,product.Yield.managed.Total,0,R,,499
65,CC,product.HarvestedVolume.managed.PLI.CC,0,R,,523
65,CC,product.HarvestedVolume.managed.SX.CC,0,R,,524
65,CC,product.HarvestedVolume.managed.Total.CC,0,R,,525
65,CC,product.SpeciesProp.managed.PLI,0,R,,526
65,CC,product.SpeciesProp.managed.SX,0,R,,377
65,CC,product.Treated.managed.CC,0,R,,217
65,CC,product.Yield.managed.PLI,0,R,,523
65,CC,product.Yield.managed.SX,0,R,,524
65,CC,product.Yield.managed.Total,0,R,,525
66,CC,product.HarvestedVolume.managed.PL.CC,0,R,,534
66,CC,product.HarvestedVolume.managed.PLI.CC,0,R,,535
66,CC,product.HarvestedVolume.managed.SW.CC,0,R,,536
66,CC,product.HarvestedVolume.managed.SX.CC,0,R,,537
66,CC,product.HarvestedVolume.managed.Total.CC,0,R,,525
66,CC,product.SpeciesProp.managed.PL,0,R,,538
66,CC,product.SpeciesProp.managed.PLI,0,R,,539
66,CC,product.SpeciesProp.managed.SW,0,R,,380
66,CC,product.SpeciesProp.managed.SX,0,R,,540
66,CC,product.Treated.managed.CC,0,R,,217
66,CC,product.Yield.managed.PL,0,R,,534
66,CC,product.Yield.managed.PLI,0,R,,535
66,CC,product.Yield.managed.SW,0,R,,536
66,CC,product.Yield.managed.SX,0,R,,537
66,CC,product.Yield.managed.Total,0,R,,525
70,CC,product.HarvestedVolume.managed.FDI.CC,0,R,,551
70,CC,product.HarvestedVolume.managed.Total.CC,0,R,,551
70,CC,product.SpeciesProp.managed.FDI,0,R,,92
70,CC,product.Treated.managed.CC,0,R,,92
70,CC,product.Yield.managed.FDI,0,R,,551
70,CC,product.Yield.managed.Total,0,R,,551
71,CC,product.HarvestedVolume.managed.FDI.CC,0,R,,556
71,CC,product.HarvestedVolume.managed.PLI.CC,0,R,,557
71,CC,product.HarvestedVolume.managed.SW.CC,0,R,,558
71,CC,product.HarvestedVolume.managed.Total.CC,0,R,,551
71,CC,product.SpeciesProp.managed.FDI,0,R,,559
71,CC,product.SpeciesProp.managed.PLI,0,R,,560
71,CC,product.SpeciesProp.managed.SW,0,R,,108
71,CC,product.Treated.managed.CC,0,R,,92
71,CC,product.Yield.managed.FDI,0,R,,556
71,CC,product.Yield.managed.PLI,0,R,,557
71,CC,product.Yield.managed.SW,0,R,,558
71,CC,product.Yield.managed.Total,0,R,,551
74,CC,product.HarvestedVolume.managed.PL.CC,0,R,,572
74,CC,product.HarvestedVolume.managed.Total.CC,0,R,,572
74,CC,product.SpeciesProp.managed.PL,0,R,,92
74,CC,product.Treated.managed.CC,0,R,,92
74,CC,product.Yield.managed.PL,0,R,,572
74,CC,product.Yield.managed.Total,0,R,,572
77,CC,product.HarvestedVolume.managed.BL.CC,0,R,,583
77,CC,product.HarvestedVolume.managed.PL.CC,0,R,,584
77,CC,product.HarvestedVolume.managed.SE.CC,0,R,,585
77,CC,product.HarvestedVolume.managed.SX.CC,0,R,,586
77,CC,product.HarvestedVolume.managed.Total.CC,0,R,,587
77,CC,product.SpeciesProp.managed.BL,0,R,,588
77,CC,product.SpeciesProp.managed.PL,0,R,,589
77,CC,product.SpeciesProp.managed.SE,0,R,,590
77,CC,product.SpeciesProp.managed.SX,0,R,,591
77,CC,product.Treated.managed.CC,0,R,,592
77,CC,product.Yield.managed.BL,0,R,,583
77,CC,product.Yield.managed.PL,0,R,,584
77,CC,product.Yield.managed.SE,0,R,,585
77,CC,product.Yield.managed.SX,0,R,,586
77,CC,product.Yield.managed.Total,0,R,,587
78,CC,product.HarvestedVolume.managed.BL.CC,0,R,,596
78,CC,product.HarvestedVolume.managed.SE.CC,0,R,,597
78,CC,product.HarvestedVolume.managed.SX.CC,0,R,,598
78,CC,product.HarvestedVolume.managed.Total.CC,0,R,,587
78,CC,product.SpeciesProp.managed.BL,0,R,,599
78,CC,product.SpeciesProp.managed.SE,0,R,,600
78,CC,product.SpeciesProp.managed.SX,0,R,,601
78,CC,product.Treated.managed.CC,0,R,,592
78,CC,product.Yield.managed.BL,0,R,,596
78,CC,product.Yield.managed.SE,0,R,,597
78,CC,product.Yield.managed.SX,0,R,,598
78,CC,product.Yield.managed.Total,0,R,,587
79,CC,product.HarvestedVolume.managed.PL.CC,0,R,,607
79,CC,product.HarvestedVolume.managed.SW.CC,0,R,,608
79,CC,product.HarvestedVolume.managed.Total.CC,0,R,,609
79,CC,product.SpeciesProp.managed.PL,0,R,,610
79,CC,product.SpeciesProp.managed.SW,0,R,,611
79,CC,product.Treated.managed.CC,0,R,,383
79,CC,product.Yield.managed.PL,0,R,,607
79,CC,product.Yield.managed.SW,0,R,,608
79,CC,product.Yield.managed.Total,0,R,,609
83,CC,product.HarvestedVolume.managed.B.CC,0,R,,628
83,CC,product.HarvestedVolume.managed.PA.CC,0,R,,629
83,CC,product.HarvestedVolume.managed.PL.CC,0,R,,630
83,CC,product.HarvestedVolume.managed.Total.CC,0,R,,631
83,CC,product.SpeciesProp.managed.B,0,R,,632
83,CC,product.SpeciesProp.managed.PA,0,R,,633
83,CC,product.SpeciesProp.managed.PL,0,R,,634
83,CC,product.Treated.managed.CC,0,R,,383
83,CC,product.Yield.managed.B,0,R,,628
83,CC,product.Yield.managed.PA,0,R,,629
83,CC,product.Yield.managed.PL,0,R,,630
83,CC,product.Yield.managed.Total,0,R,,631
84,CC,product.HarvestedVolume.managed.B.CC,0,R,,640
84,CC,product.HarvestedVolume.managed.PA.CC,0,R,,641
84,CC,product.HarvestedVolume.managed.PL.CC,0,R,,642
84,CC,product.HarvestedVolume.managed.Total.CC,0,R,,631
84,CC,product.SpeciesProp.managed.B,0,R,,643
84,CC,product.SpeciesProp.managed.PA,0,R,,644
84,CC,product.SpeciesProp.managed.PL,0,R,,645
84,CC,product.Treated.managed.CC,0,R,,383
84,CC,product.Yield.managed.B,0,R,,640
84,CC,product.Yield.managed.PA,0,R,,641
84,CC,product.Yield.managed.PL,0,R,,642
84,CC,product.Yield.managed.Total,0,R,,631
85,CC,product.HarvestedVolume.managed.BL.CC,0,R,,650
85,CC,product.HarvestedVolume.managed.S.CC,0,R,,651
85,CC,product.HarvestedVolume.managed.SE.CC,0,R,,652
85,CC,product.HarvestedVolume.managed.Total.CC,0,R,,653
85,CC,product.SpeciesProp.managed.BL,0,R,,654
85,CC,product.SpeciesProp.managed.S,0,R,,655
85,CC,product.SpeciesProp.managed.SE,0,R,,656
85,CC,product.Treated.managed.CC,0,R,,657
85,CC,product.Yield.managed.BL,0,R,,650
85,CC,product.Yield.managed.S,0,R,,651
85,CC,product.Yield.managed.SE,0,R,,652
85,CC,product.Yield.managed.Total,0,R,,653
86,CC,product.HarvestedVolume.managed.BL.CC,0,R,,666
86,CC,product.HarvestedVolume.managed.PL.CC,0,R,,667
86,CC,product.HarvestedVolume.managed.S.CC,0,R,,668
86,CC,product.HarvestedVolume.managed.SE.CC,0,R,,669
86,CC,product.HarvestedVolume.managed.Total.CC,0,R,,653
86,CC,product.SpeciesProp.managed.BL,0,R,,670
86,CC,product.SpeciesProp.managed.PL,0,R,,671
86,CC,product.SpeciesProp.managed.S,0,R,,672
86,CC,product.SpeciesProp.managed.SE,0,R,,673
86,CC,product.Treated.managed.CC,0,R,,657
86,CC,product.Yield.managed.BL,0,R,,666
86,CC,product.Yield.managed.PL,0,R,,667
86,CC,product.Yield.managed.S,0,R,,668
86,CC,product.Yield.managed.SE,0,R,,669
86,CC,product.Yield.managed.Total,0,R,,653
87,CC,product.HarvestedVolume.managed.SX.CC,0,R,,675
87,CC,product.HarvestedVolume.managed.Total.CC,0,R,,675
87,CC,product.SpeciesProp.managed.SX,0,R,,676
87,CC,product.Treated.managed.CC,0,R,,676
87,CC,product.Yield.managed.SX,0,R,,675
87,CC,product.Yield.managed.Total,0,R,,675
88,CC,product.HarvestedVolume.managed.SW.CC,0,R,,679
88,CC,product.HarvestedVolume.managed.SX.CC,0,R,,680
88,CC,product.HarvestedVolume.managed.Total.CC,0,R,,675
88,CC,product.SpeciesProp.managed.SW,0,R,,681
88,CC,product.SpeciesProp.managed.SX,0,R,,681
88,CC,product.Treated.managed.CC,0,R,,676
88,CC,product.Yield.managed.SW,0,R,,679
88,CC,product.Yield.managed.SX,0,R,,680
88,CC,product.Yield.managed.Total,0,R,,675
89,CC,product.HarvestedVolume.managed.PL.CC,0,R,,683
89,CC,product.HarvestedVolume.managed.Total.CC,0,R,,683
89,CC,product.SpeciesProp.managed.PL,0,R,,383
89,CC,product.Treated.managed.CC,0,R,,383
89,CC,product.Yield.managed.PL,0,R,,683
89,CC,product.Yield.managed.Total,0,R,,683
90,CC,product.HarvestedVolume.managed.PL.CC,0,R,,685
90,CC,product.HarvestedVolume.managed.Total.CC,0,R,,685
90,CC,product.SpeciesProp.managed.PL,0,R,,217
90,CC,product.Treated.managed.CC,0,R,,217
90,CC,product.Yield.managed.PL,0,R,,685
90,CC,product.Yield.managed.Total,0,R,,685
91,CC,product.HarvestedVolume.managed.PL.CC,0,R,,689
91,CC,product.HarvestedVolume.managed.SW.CC,0,R,,690
91,CC,product.HarvestedVolume.managed.Total.CC,0,R,,685
91,CC,product.SpeciesProp.managed.PL,0,R,,691
91,CC,product.SpeciesProp.managed.SW,0,R,,692
91,CC,product.Treated.managed.CC,0,R,,217
91,CC,product.Yield.managed.PL,0,R,,689
91,CC,product.Yield.managed.SW,0,R,,690
91,CC,product.Yield.managed.Total,0,R,,685
94,CC,product.HarvestedVolume.managed.AT.CC,0,R,,705
94,CC,product.HarvestedVolume.managed.PLI.CC,0,R,,706
94,CC,product.HarvestedVolume.managed.S.CC,0,R,,707
94,CC,product.HarvestedVolume.managed.SX.CC,0,R,,708
94,CC,product.HarvestedVolume.managed.Total.CC,0,R,,709
94,CC,product.SpeciesProp.managed.AT,0,R,,710
94,CC,product.SpeciesProp.managed.PLI,0,R,,711
94,CC,product.SpeciesProp.managed.S,0,R,,712
94,CC,product.SpeciesProp.managed.SX,0,R,,713
94,CC,product.Treated.managed.CC,0,R,,714
94,CC,product.Yield.managed.AT,0,R,,705
94,CC,product.Yield.managed.PLI,0,R,,706
94,CC,product.Yield.managed.S,0,R,,707
94,CC,product.Yield.managed.SX,0,R,,708
94,CC,product.Yield.managed.Total,0,R,,709
95,CC,product.HarvestedVolume.managed.AT.CC,0,R,,721
95,CC,product.HarvestedVolume.managed.PLI.CC,0,R,,722
95,CC,product.HarvestedVolume.managed.S.CC,0,R,,723
95,CC,product.HarvestedVolume.managed.SW.CC,0,R,,724
95,CC,product.HarvestedVolume.managed.SX.CC,0,R,,725
95,CC,product.HarvestedVolume.managed.Total.CC,0,R,,709
95,CC,product.SpeciesProp.managed.AT,0,R,,726
95,CC,product.SpeciesProp.managed.PLI,0,R,,727
95,CC,product.SpeciesProp.managed.S,0,R,,728
95,CC,product.SpeciesProp.managed.SW,0,R,,729
95,CC,product.SpeciesProp.managed.SX,0,R,,730
95,CC,product.Treated.managed.CC,0,R,,714
95,CC,product.Yield.managed.AT,0,R,,721
95,CC,product.Yield.managed.PLI,0,R,,722
95,CC,product.Yield.managed.S,0,R,,723
95,CC,product.Yield.managed.SW,0,R,,724
95,CC,product.Yield.managed.SX,0,R,,725
95,CC,product.Yield.managed.Total,0,R,,709
97,CC,product.HarvestedVolume.managed.FDI.CC,0,R,,733
97,CC,product.HarvestedVolume.managed.Total.CC,0,R,,733
97,CC,product.SpeciesProp.managed.FDI,0,R,,217
97,CC,product.Treated.managed.CC,0,R,,217
97,CC,product.Yield.managed.FDI,0,R,,733
97,CC,product.Yield.managed.Total,0,R,,733
98,CC,product.HarvestedVolume.managed.FDI.CC,0,R,,737
98,CC,product.HarvestedVolume.managed.PLI.CC,0,R,,738
98,CC,product.HarvestedVolume.managed.SW.CC,0,R,,739
98,CC,product.HarvestedVolume.managed.Total.CC,0,R,,733
98,CC,product.SpeciesProp.managed.FDI,0,R,,274
98,CC,product.SpeciesProp.managed.PLI,0,R,,740
98,CC,product.SpeciesProp.managed.SW,0,R,,741
98,CC,product.Treated.managed.CC,0,R,,217
98,CC,product.Yield.managed.FDI,0,R,,737
98,CC,product.Yield.managed.PLI,0,R,,738
98,CC,product.Yield.managed.SW,0,R,,739
98,CC,product.Yield.managed.Total,0,R,,733
99,CC,product.HarvestedVolume.managed.BL.CC,0,R,,748
99,CC,product.HarvestedVolume.managed.SW.CC,0,R,,749
99,CC,product.HarvestedVolume.managed.SX.CC,0,R,,750
99,CC,product.HarvestedVolume.managed.Total.CC,0,R,,751
99,CC,product.SpeciesProp.managed.BL,0,R,,512
99,CC,product.SpeciesProp.managed.SW,0,R,,274
99,CC,product.SpeciesProp.managed.SX,0,R,,752
99,CC,product.Treated.managed.CC,0,R,,217
99,CC,product.Yield.managed.BL,0,R,,748
99,CC,product.Yield.managed.SW,0,R,,749
99,CC,product.Yield.managed.SX,0,R,,750
99,CC,product.Yield.managed.Total,0,R,,751
102,CC,product.HarvestedVolume.managed.FDI.CC,0,R,,768
102,CC,product.HarvestedVolume.managed.PL.CC,0,R,,769
102,CC,product.HarvestedVolume.managed.PLI.CC,0,R,,770
102,CC,product.HarvestedVolume.managed.SW.CC,0,R,,771
102,CC,product.HarvestedVolume.managed.Total.CC,0,R,,772
102,CC,product.SpeciesProp.managed.FDI,0,R,,773
102,CC,product.SpeciesProp.managed.PL,0,R,,774
102,CC,product.SpeciesProp.managed.PLI,0,R,,775
102,CC,product.SpeciesProp.managed.SW,0,R,,776
102,CC,product.Treated.managed.CC,0,R,,92
102,CC,product.Yield.managed.FDI,0,R,,768
102,CC,product.Yield.managed.PL,0,R,,769
102,CC,product.Yield.managed.PLI,0,R,,770
102,CC,product.Yield.managed.SW,0,R,,771
102,CC,product.Yield.managed.Total,0,R,,772
103,CC,product.HarvestedVolume.managed.PLI.CC,0,R,,780
103,CC,product.HarvestedVolume.managed.SE.CC,0,R,,781
103,CC,product.HarvestedVolume.managed.Total.CC,0,R,,782
103,CC,product.SpeciesProp.managed.PLI,0,R,,783
103,CC,product.SpeciesProp.managed.SE,0,R,,784
103,CC,product.Treated.managed.CC,0,R,,152
103,CC,product.Yield.managed.PLI,0,R,,780
103,CC,product.Yield.managed.SE,0,R,,781
103,CC,product.Yield.managed.Total,0,R,,782
104,CC,product.HarvestedVolume.managed.PLI.CC,0,R,,789
104,CC,product.HarvestedVolume.managed.SE.CC,0,R,,790
104,CC,product.HarvestedVolume.managed.Total.CC,0,R,,782
104,CC,product.SpeciesProp.managed.PLI,0,R,,791
104,CC,product.SpeciesProp.managed.SE,0,R,,792
104,CC,product.Treated.managed.CC,0,R,,152
104,CC,product.Yield.managed.PLI,0,R,,789
104,CC,product.Yield.managed.SE,0,R,,790
104,CC,product.Yield.managed.Total,0,R,,782
105,CC,product.HarvestedVolume.managed.PLI.CC,0,R,,799
105,CC,product.HarvestedVolume.managed.S.CC,0,R,,800
105,CC,product.HarvestedVolume.managed.SX.CC,0,R,,801
105,CC,product.HarvestedVolume.managed.Total.CC,0,R,,802
105,CC,product.SpeciesProp.managed.PLI,0,R,,803
105,CC,product.SpeciesProp.managed.S,0,R,,804
105,CC,product.SpeciesProp.managed.SX,0,R,,805
105,CC,product.Treated.managed.CC,0,R,,184
105,CC,product.Yield.managed.PLI,0,R,,799
105,CC,product.Yield.managed.S,0,R,,800
105,CC,product.Yield.managed.SX,0,R,,801
105,CC,product.Yield.managed.Total,0,R,,802
106,CC,product.HarvestedVolume.managed.PLI.CC,0,R,,813
106,CC,product.HarvestedVolume.managed.S.CC,0,R,,814
106,CC,product.HarvestedVolume.managed.SW.CC,0,R,,815
106,CC,product.HarvestedVolume.managed.SX.CC,0,R,,816
106,CC,product.HarvestedVolume.managed.Total.CC,0,R,,802
106,CC,product.SpeciesProp.managed.PLI,0,R,,817
106,CC,product.SpeciesProp.managed.S,0,R,,818
106,CC,product.SpeciesProp.managed.SW,0,R,,203
106,CC,product.SpeciesProp.managed.SX,0,R,,819
106,CC,product.Treated.managed.CC,0,R,,184
106,CC,product.Yield.managed.PLI,0,R,,813
106,CC,product.Yield.managed.S,0,R,,814
106,CC,product.Yield.managed.SW,0,R,,815
106,CC,product.Yield.managed.SX,0,R,,816
106,CC,product.Yield.managed.Total,0,R,,802
107,CC,product.HarvestedVolume.managed.FD.CC,0,R,,825
107,CC,product.HarvestedVolume.managed.FDI.CC,0,R,,826
107,CC,product.HarvestedVolume.managed.SX.CC,0,R,,825
107,CC,product.HarvestedVolume.managed.Total.CC,0,R,,827
107,CC,product.SpeciesProp.managed.FD,0,R,,828
107,CC,product.SpeciesProp.managed.FDI,0,R,,829
107,CC,product.SpeciesProp.managed.SX,0,R,,828
107,CC,product.Treated.managed.CC,0,R,,152
107,CC,product.Yield.managed.FD,0,R,,825
107,CC,product.Yield.managed.FDI,0,R,,826
107,CC,product.Yield.managed.SX,0,R,,825
107,CC,product.Yield.managed.Total,0,R,,827
108,CC,product.HarvestedVolume.managed.FD.CC,0,R,,834
108,CC,product.HarvestedVolume.managed.FDI.CC,0,R,,835
108,CC,product.HarvestedVolume.managed.SX.CC,0,R,,834
108,CC,product.HarvestedVolume.managed.Total.CC,0,R,,827
108,CC,product.SpeciesProp.managed.FD,0,R,,836
108,CC,product.SpeciesProp.managed.FDI,0,R,,837
108,CC,product.SpeciesProp.managed.SX,0,R,,836
108,CC,product.Treated.managed.CC,0,R,,152
108,CC,product.Yield.managed.FD,0,R,,834
108,CC,product.Yield.managed.FDI,0,R,,835
108,CC,product.Yield.managed.SX,0,R,,834
108,CC,product.Yield.managed.Total,0,R,,827
114,CC,product.HarvestedVolume.managed.FDI.CC,0,R,,857
114,CC,product.HarvestedVolume.managed.Total.CC,0,R,,857
114,CC,product.SpeciesProp.managed.FDI,0,R,,657
114,CC,product.Treated.managed.CC,0,R,,657
114,CC,product.Yield.managed.FDI,0,R,,857
114,CC,product.Yield.managed.Total,0,R,,857
115,CC,product.HarvestedVolume.managed.FDI.CC,0,R,,861
115,CC,product.HarvestedVolume.managed.PLI.CC,0,R,,862
115,CC,product.HarvestedVolume.managed.SW.CC,0,R,,863
115,CC,product.HarvestedVolume.managed.Total.CC,0,R,,857
115,CC,product.SpeciesProp.managed.FDI,0,R,,864
115,CC,product.SpeciesProp.managed.PLI,0,R,,865
115,CC,product.SpeciesProp.managed.SW,0,R,,866
115,CC,product.Treated.managed.CC,0,R,,657
115,CC,product.Yield.managed.FDI,0,R,,861
115,CC,product.Yield.managed.PLI,0,R,,862
115,CC,product.Yield.managed.SW,0,R,,863
115,CC,product.Yield.managed.Total,0,R,,857
116,CC,product.HarvestedVolume.managed.FD.CC,0,R,,873
116,CC,product.HarvestedVolume.managed.SW.CC,0,R,,874
116,CC,product.HarvestedVolume.managed.SX.CC,0,R,,875
116,CC,product.HarvestedVolume.managed.Total.CC,0,R,,876
116,CC,product.SpeciesProp.managed.FD,0,R,,877
116,CC,product.SpeciesProp.managed.SW,0,R,,878
116,CC,product.SpeciesProp.managed.SX,0,R,,879
116,CC,product.Treated.managed.CC,0,R,,880
116,CC,product.Yield.managed.FD,0,R,,873
116,CC,product.Yield.managed.SW,0,R,,874
116,CC,product.Yield.managed.SX,0,R,,875
116,CC,product.Yield.managed.Total,0,R,,876
122,CC,product.HarvestedVolume.managed.B.CC,0,R,,911
122,CC,product.HarvestedVolume.managed.PA.CC,0,R,,912
122,CC,product.HarvestedVolume.managed.PL.CC,0,R,,913
122,CC,product.HarvestedVolume.managed.S.CC,0,R,,914
122,CC,product.HarvestedVolume.managed.Total.CC,0,R,,915
122,CC,product.SpeciesProp.managed.B,0,R,,916
122,CC,product.SpeciesProp.managed.PA,0,R,,917
122,CC,product.SpeciesProp.managed.PL,0,R,,918
122,CC,product.SpeciesProp.managed.S,0,R,,919
122,CC,product.Treated.managed.CC,0,R,,920
122,CC,product.Yield.managed.B,0,R,,911
122,CC,product.Yield.managed.PA,0,R,,912
122,CC,product.Yield.managed.PL,0,R,,913
122,CC,product.Yield.managed.S,0,R,,914
122,CC,product.Yield.managed.Total,0,R,,915
123,CC,product.HarvestedVolume.managed.B.CC,0,R,,929
123,CC,product.HarvestedVolume.managed.PA.CC,0,R,,930
123,CC,product.HarvestedVolume.managed.PL.CC,0,R,,931
123,CC,product.HarvestedVolume.managed.S.CC,0,R,,932
123,CC,product.HarvestedVolume.managed.Total.CC,0,R,,915
123,CC,product.SpeciesProp.managed.B,0,R,,933
123,CC,product.SpeciesProp.managed.PA,0,R,,934
123,CC,product.SpeciesProp.managed.PL,0,R,,935
123,CC,product.SpeciesProp.managed.S,0,R,,936
123,CC,product.Treated.managed.CC,0,R,,920
123,CC,product.Yield.managed.B,0,R,,929
123,CC,product.Yield.managed.PA,0,R,,930
123,CC,product.Yield.managed.PL,0,R,,931
123,CC,product.Yield.managed.S,0,R,,932
123,CC,product.Yield.managed.Total,0,R,,915
124,CC,product.HarvestedVolume.managed.CW.CC,0,R,,946
124,CC,product.HarvestedVolume.managed.FD.CC,0,R,,947
124,CC,product.HarvestedVolume.managed.HW.CC,0,R,,948
124,CC,product.HarvestedVolume.managed.SX.CC,0,R,,949
124,CC,product.HarvestedVolume.managed.Total.CC,0,R,,950
124,CC,product.SpeciesProp.managed.CW,0,R,,951
124,CC,product.SpeciesProp.managed.FD,0,R,,952
124,CC,product.SpeciesProp.managed.HW,0,R,,953
124,CC,product.SpeciesProp.managed.SX,0,R,,954
124,CC,product.Treated.managed.CC,0,R,,676
124,CC,product.Yield.managed.CW,0,R,,946
124,CC,product.Yield.managed.FD,0,R,,947
124,CC,product.Yield.managed.HW,0,R,,948
124,CC,product.Yield.managed.SX,0,R,,949
124,CC,product.Yield.managed.Total,0,R,,950
127,CC,product.HarvestedVolume.managed.CW.CC,0,R,,965
127,CC,product.HarvestedVolume.managed.HW.CC,0,R,,966
127,CC,product.HarvestedVolume.managed.SX.CC,0,R,,967
127,CC,product.HarvestedVolume.managed.Total.CC,0,R,,968
127,CC,product.SpeciesProp.managed.CW,0,R,,969
127,CC,product.SpeciesProp.managed.HW,0,R,,970
127,CC,product.SpeciesProp.managed.SX,0,R,,971
127,CC,product.Treated.managed.CC,0,R,,657
127,CC,product.Yield.managed.CW,0,R,,965
127,CC,product.Yield.managed.HW,0,R,,966
127,CC,product.Yield.managed.SX,0,R,,967
127,CC,product.Yield.managed.Total,0,R,,968
128,CC,product.HarvestedVolume.managed.CW.CC,0,R,,978
128,CC,product.HarvestedVolume.managed.HW.CC,0,R,,979
128,CC,product.HarvestedVolume.managed.SX.CC,0,R,,980
128,CC,product.HarvestedVolume.managed.Total.CC,0,R,,968
128,CC,product.SpeciesProp.managed.CW,0,R,,981
128,CC,product.SpeciesProp.managed.HW,0,R,,982
128,CC,product.SpeciesProp.managed.SX,0,R,,983
128,CC,product.Treated.managed.CC,0,R,,657
128,CC,product.Yield.managed.CW,0,R,,978
128,CC,product.Yield.managed.HW,0,R,,979
128,CC,product.Yield.managed.SX,0,R,,980
128,CC,product.Yield.managed.Total,0,R,,968
131,CC,product.HarvestedVolume.managed.AT.CC,0,R,,1002
131,CC,product.HarvestedVolume.managed.SW.CC,0,R,,1003
131,CC,product.HarvestedVolume.managed.SX.CC,0,R,,1004
131,CC,product.HarvestedVolume.managed.Total.CC,0,R,,1005
131,CC,product.SpeciesProp.managed.AT,0,R,,1006
131,CC,product.SpeciesProp.managed.SW,0,R,,1007
131,CC,product.SpeciesProp.managed.SX,0,R,,1008
131,CC,product.Treated.managed.CC,0,R,,1009
131,CC,product.Yield.managed.AT,0,R,,1002
131,CC,product.Yield.managed.SW,0,R,,1003
131,CC,product.Yield.managed.SX,0,R,,1004
131,CC,product.Yield.managed.Total,0,R,,1005
133,CC,product.HarvestedVolume.managed.PLI.CC,0,R,,1022
133,CC,product.HarvestedVolume.managed.SE.CC,0,R,,1023
133,CC,product.HarvestedVolume.managed.Total.CC,0,R,,1024
133,CC,product.SpeciesProp.managed.PLI,0,R,,1025
133,CC,product.SpeciesProp.managed.SE,0,R,,1026
133,CC,product.Treated.managed.CC,0,R,,217
133,CC,product.Yield.managed.PLI,0,R,,1022
133,CC,product.Yield.managed.SE,0,R,,1023
133,CC,product.Yield.managed.Total,0,R,,1024
134,CC,product.HarvestedVolume.managed.FD.CC,0,R,,1030
134,CC,product.HarvestedVolume.managed.SX.CC,0,R,,1031
134,CC,product.HarvestedVolume.managed.Total.CC,0,R,,1032
134,CC,product.SpeciesProp.managed.FD,0,R,,1033
134,CC,product.SpeciesProp.managed.SX,0,R,,1034
134,CC,product.Treated.managed.CC,0,R,,15
134,CC,product.Yield.managed.FD,0,R,,1030
134,CC,product.Yield.managed.SX,0,R,,1031
134,CC,product.Yield.managed.Total,0,R,,1032
136,CC,product.HarvestedVolume.managed.AT.CC,0,R,,1043
136,CC,product.HarvestedVolume.managed.SX.CC,0,R,,1044
136,CC,product.HarvestedVolume.managed.Total.CC,0,R,,1045
136,CC,product.SpeciesProp.managed.AT,0,R,,1046
136,CC,product.SpeciesProp.managed.SX,0,R,,1047
136,CC,product.Treated.managed.CC,0,R,,1009
136,CC,product.Yield.managed.AT,0,R,,1043
136,CC,product.Yield.managed.SX,0,R,,1044
136,CC,product.Yield.managed.Total,0,R,,1045
137,CC,product.HarvestedVolume.managed.BL.CC,0,R,,1051
137,CC,product.HarvestedVolume.managed.SE.CC,0,R,,1052
137,CC,product.HarvestedVolume.managed.Total.CC,0,R,,1053
137,CC,product.SpeciesProp.managed.BL,0,R,,329
137,CC,product.SpeciesProp.managed.SE,0,R,,1054
137,CC,product.Treated.managed.CC,0,R,,315
137,CC,product.Yield.managed.BL,0,R,,1051
137,CC,product.Yield.managed.SE,0,R,,1052
137,CC,product.Yield.managed.Total,0,R,,1053
138,CC,product.HarvestedVolume.managed.BL.CC,0,R,,1061
138,CC,product.HarvestedVolume.managed.PL.CC,0,R,,1062
138,CC,product.HarvestedVolume.managed.SE.CC,0,R,,1063
138,CC,product.HarvestedVolume.managed.Total.CC,0,R,,1053
138,CC,product.SpeciesProp.managed.BL,0,R,,1064
138,CC,product.SpeciesProp.managed.PL,0,R,,1065
138,CC,product.SpeciesProp.managed.SE,0,R,,1066
138,CC,product.Treated.managed.CC,0,R,,315
138,CC,product.Yield.managed.BL,0,R,,1061
138,CC,product.Yield.managed.PL,0,R,,1062
138,CC,product.Yield.managed.SE,0,R,,1063
138,CC,product.Yield.managed.Total,0,R,,1053
139,CC,product.HarvestedVolume.managed.SX.CC,0,R,,1068
139,CC,product.HarvestedVolume.managed.Total.CC,0,R,,1068
139,CC,product.SpeciesProp.managed.SX,0,R,,92
139,CC,product.Treated.managed.CC,0,R,,92
139,CC,product.Yield.managed.SX,0,R,,1068
139,CC,product.Yield.managed.Total,0,R,,1068
140,CC,product.HarvestedVolume.managed.SW.CC,0,R,,1071
140,CC,product.HarvestedVolume.managed.SX.CC,0,R,,1072
140,CC,product.HarvestedVolume.managed.Total.CC,0,R,,1068
140,CC,product.SpeciesProp.managed.SW,0,R,,559
140,CC,product.SpeciesProp.managed.SX,0,R,,559
140,CC,product.Treated.managed.CC,0,R,,92
140,CC,product.Yield.managed.SW,0,R,,1071
140,CC,product.Yield.managed.SX,0,R,,1072
140,CC,product.Yield.managed.Total,0,R,,1068
143,CC,product.HarvestedVolume.managed.FD.CC,0,R,,1083
143,CC,product.HarvestedVolume.managed.Total.CC,0,R,,1083
143,CC,product.SpeciesProp.managed.FD,0,R,,657
143,CC,product.Treated.managed.CC,0,R,,657
143,CC,product.Yield.managed.FD,0,R,,1083
143,CC,product.Yield.managed.Total,0,R,,1083
144,CC,product.HarvestedVolume.managed.FD.CC,0,R,,1087
144,CC,product.HarvestedVolume.managed.PLI.CC,0,R,,1088
144,CC,product.HarvestedVolume.managed.SW.CC,0,R,,1089
144,CC,product.HarvestedVolume.managed.Total.CC,0,R,,1083
144,CC,product.SpeciesProp.managed.FD,0,R,,864
144,CC,product.SpeciesProp.managed.PLI,0,R,,1090
144,CC,product.SpeciesProp.managed.SW,0,R,,866
144,CC,product.Treated.managed.CC,0,R,,657
144,CC,product.Yield.managed.FD,0,R,,1087
144,CC,product.Yield.managed.PLI,0,R,,1088
144,CC,product.Yield.managed.SW,0,R,,1089
144,CC,product.Yield.managed.Total,0,R,,1083
145,CC,product.HarvestedVolume.managed.PL.CC,0,R,,1094
145,CC,product.HarvestedVolume.managed.SW.CC,0,R,,1095
145,CC,product.HarvestedVolume.managed.Total.CC,0,R,,1096
145,CC,product.SpeciesProp.managed.PL,0,R,,1097
145,CC,product.SpeciesProp.managed.SW,0,R,,1098
145,CC,product.Treated.managed.CC,0,R,,92
145,CC,product.Yield.managed.PL,0,R,,1094
145,CC,product.Yield.managed.SW,0,R,,1095
145,CC,product.Yield.managed.Total,0,R,,1096
147,CC,product.HarvestedVolume.managed.CW.CC,0,R,,1109
147,CC,product.HarvestedVolume.managed.HW.CC,0,R,,1110
147,CC,product.HarvestedVolume.managed.SX.CC,0,R,,1111
147,CC,product.HarvestedVolume.managed.Total.CC,0,R,,1112
147,CC,product.SpeciesProp.managed.CW,0,R,,1033
147,CC,product.SpeciesProp.managed.HW,0,R,,1113
147,CC,product.SpeciesProp.managed.SX,0,R,,429
147,CC,product.Treated.managed.CC,0,R,,383
147,CC,product.Yield.managed.CW,0,R,,1109
147,CC,product.Yield.managed.HW,0,R,,1110
147,CC,product.Yield.managed.SX,0,R,,1111
147,CC,product.Yield.managed.Total,0,R,,1112
148,CC,product.HarvestedVolume.managed.CW.CC,0,R,,1119
148,CC,product.HarvestedVolume.managed.HW.CC,0,R,,1120
148,CC,product.HarvestedVolume.managed.SX.CC,0,R,,1121
148,CC,product.HarvestedVolume.managed.Total.CC,0,R,,1112
148,CC,product.SpeciesProp.managed.CW,0,R,,430
148,CC,product.SpeciesProp.managed.HW,0,R,,1122
148,CC,product.SpeciesProp.managed.SX,0,R,,1123
148,CC,product.Treated.managed.CC,0,R,,383
148,CC,product.Yield.managed.CW,0,R,,1119
148,CC,product.Yield.managed.HW,0,R,,1120
148,CC,product.Yield.managed.SX,0,R,,1121
148,CC,product.Yield.managed.Total,0,R,,1112
151,CC,product.HarvestedVolume.managed.BL.CC,0,R,,1136
151,CC,product.HarvestedVolume.managed.SE.CC,0,R,,1137
151,CC,product.HarvestedVolume.managed.Total.CC,0,R,,1138
151,CC,product.SpeciesProp.managed.BL,0,R,,1139
151,CC,product.SpeciesProp.managed.SE,0,R,,1140
151,CC,product.Treated.managed.CC,0,R,,592
151,CC,product.Yield.managed.BL,0,R,,1136
151,CC,product.Yield.managed.SE,0,R,,1137
151,CC,product.Yield.managed.Total,0,R,,1138
152,CC,product.HarvestedVolume.managed.BL.CC,0,R,,1147
152,CC,product.HarvestedVolume.managed.SE.CC,0,R,,1148
152,CC,product.HarvestedVolume.managed.SW.CC,0,R,,1149
152,CC,product.HarvestedVolume.managed.Total.CC,0,R,,1138
152,CC,product.SpeciesProp.managed.BL,0,R,,1150
152,CC,product.SpeciesProp.managed.SE,0,R,,1151
152,CC,product.SpeciesProp.managed.SW,0,R,,1152
152,CC,product.Treated.managed.CC,0,R,,592
152,CC,product.Yield.managed.BL,0,R,,1147
152,CC,product.Yield.managed.SE,0,R,,1148
152,CC,product.Yield.managed.SW,0,R,,1149
152,CC,product.Yield.managed.Total,0,R,,1138
154,CC,product.HarvestedVolume.managed.FD.CC,0,R,,1158
154,CC,product.HarvestedVolume.managed.Total.CC,0,R,,1158
154,CC,product.SpeciesProp.managed.FD,0,R,,152
154,CC,product.Treated.managed.CC,0,R,,152
154,CC,product.Yield.managed.FD,0,R,,1158
154,CC,product.Yield.managed.Total,0,R,,1158
155,CC,product.HarvestedVolume.managed.FD.CC,0,R,,1160
155,CC,product.HarvestedVolume.managed.Total.CC,0,R,,1158
155,CC,product.SpeciesProp.managed.FD,0,R,,1161
155,CC,product.Treated.managed.CC,0,R,,152
155,CC,product.Yield.managed.FD,0,R,,1160
155,CC,product.Yield.managed.Total,0,R,,1158
156,CC,product.HarvestedVolume.managed.FD.CC,0,R,,1167
156,CC,product.HarvestedVolume.managed.FDI.CC,0,R,,1168
156,CC,product.HarvestedVolume.managed.SX.CC,0,R,,1169
156,CC,product.HarvestedVolume.managed.Total.CC,0,R,,1170
156,CC,product.SpeciesProp.managed.FD,0,R,,1171
156,CC,product.SpeciesProp.managed.FDI,0,R,,1172
156,CC,product.SpeciesProp.managed.SX,0,R,,1173
156,CC,product.Treated.managed.CC,0,R,,217
156,CC,product.Yield.managed.FD,0,R,,1167
156,CC,product.Yield.managed.FDI,0,R,,1168
156,CC,product.Yield.managed.SX,0,R,,1169
156,CC,product.Yield.managed.Total,0,R,,1170
158,CC,product.HarvestedVolume.managed.FD.CC,0,R,,1183
158,CC,product.HarvestedVolume.managed.FDI.CC,0,R,,1184
158,CC,product.HarvestedVolume.managed.SX.CC,0,R,,1185
158,CC,product.HarvestedVolume.managed.Total.CC,0,R,,1186
158,CC,product.SpeciesProp.managed.FD,0,R,,1187
158,CC,product.SpeciesProp.managed.FDI,0,R,,1188
158,CC,product.SpeciesProp.managed.SX,0,R,,1189
158,CC,product.Treated.managed.CC,0,R,,217
158,CC,product.Yield.managed.FD,0,R,,1183
158,CC,product.Yield.managed.FDI,0,R,,1184
158,CC,product.Yield.managed.SX,0,R,,1185
158,CC,product.Yield.managed.Total,0,R,,1186
159,CC,product.HarvestedVolume.managed.CW.CC,0,R,,1199
159,CC,product.HarvestedVolume.managed.FD.CC,0,R,,1200
159,CC,product.HarvestedVolume.managed.HW.CC,0,R,,1201
159,CC,product.HarvestedVolume.managed.SX.CC,0,R,,1202
159,CC,product.HarvestedVolume.managed.Total.CC,0,R,,1203
159,CC,product.SpeciesProp.managed.CW,0,R,,1204
159,CC,product.SpeciesProp.managed.FD,0,R,,1205
159,CC,product.SpeciesProp.managed.HW,0,R,,1206
159,CC,product.SpeciesProp.managed.SX,0,R,,1207
159,CC,product.Treated.managed.CC,0,R,,229
159,CC,product.Yield.managed.CW,0,R,,1199
159,CC,product.Yield.managed.FD,0,R,,1200
159,CC,product.Yield.managed.HW,0,R,,1201
159,CC,product.Yield.managed.SX,0,R,,1202
159,CC,product.Yield.managed.Total,0,R,,1203
160,CC,product.HarvestedVolume.managed.B.CC,0,R,,1212
160,CC,product.HarvestedVolume.managed.BL.CC,0,R,,1213
160,CC,product.HarvestedVolume.managed.SE.CC,0,R,,1214
160,CC,product.HarvestedVolume.managed.Total.CC,0,R,,1215
160,CC,product.SpeciesProp.managed.B,0,R,,1216
160,CC,product.SpeciesProp.managed.BL,0,R,,1217
160,CC,product.SpeciesProp.managed.SE,0,R,,1218
160,CC,product.Treated.managed.CC,0,R,,1219
160,CC,product.Yield.managed.B,0,R,,1212
160,CC,product.Yield.managed.BL,0,R,,1213
160,CC,product.Yield.managed.SE,0,R,,1214
160,CC,product.Yield.managed.Total,0,R,,1215
161,CC,product.HarvestedVolume.managed.B.CC,0,R,,1227
161,CC,product.HarvestedVolume.managed.BL.CC,0,R,,1228
161,CC,product.HarvestedVolume.managed.SE.CC,0,R,,1229
161,CC,product.HarvestedVolume.managed.SW.CC,0,R,,1230
161,CC,product.HarvestedVolume.managed.Total.CC,0,R,,1215
161,CC,product.SpeciesProp.managed.B,0,R,,1231
161,CC,product.SpeciesProp.managed.BL,0,R,,1232
161,CC,product.SpeciesProp.managed.SE,0,R,,1233
161,CC,product.SpeciesProp.managed.SW,0,R,,1234
161,CC,product.Treated.managed.CC,0,R,,1219
161,CC,product.Yield.managed.B,0,R,,1227
161,CC,product.Yield.managed.BL,0,R,,1228
161,CC,product.Yield.managed.SE,0,R,,1229
161,CC,product.Yield.managed.SW,0,R,,1230
161,CC,product.Yield.managed.Total,0,R,,1215
163,CC,product.HarvestedVolume.managed.FD.CC,0,R,,1244
163,CC,product.HarvestedVolume.managed.SX.CC,0,R,,1245
163,CC,product.HarvestedVolume.managed.Total.CC,0,R,,1246
163,CC,product.SpeciesProp.managed.FD,0,R,,1247
163,CC,product.SpeciesProp.managed.SX,0,R,,1248
163,CC,product.Treated.managed.CC,0,R,,880
163,CC,product.Yield.managed.FD,0,R,,1244
163,CC,product.Yield.managed.SX,0,R,,1245
163,CC,product.Yield.managed.Total,0,R,,1246
164,CC,product.HarvestedVolume.managed.FD.CC,0,R,,1254
164,CC,product.HarvestedVolume.managed.SX.CC,0,R,,1255
164,CC,product.HarvestedVolume.managed.Total.CC,0,R,,1256
164,CC,product.SpeciesProp.managed.FD,0,R,,1257
164,CC,product.SpeciesProp.managed.SX,0,R,,1258
164,CC,product.Treated.managed.CC,0,R,,383
164,CC,product.Yield.managed.FD,0,R,,1254
164,CC,product.Yield.managed.SX,0,R,,1255
164,CC,product.Yield.managed.Total,0,R,,1256
170,CC,product.HarvestedVolume.managed.BL.CC,0,R,,1283
170,CC,product.HarvestedVolume.managed.SE.CC,0,R,,1284
170,CC,product.HarvestedVolume.managed.Total.CC,0,R,,1285
170,CC,product.SpeciesProp.managed.BL,0,R,,1286
170,CC,product.SpeciesProp.managed.SE,0,R,,1287
170,CC,product.Treated.managed.CC,0,R,,152
170,CC,product.Yield.managed.BL,0,R,,1283
170,CC,product.Yield.managed.SE,0,R,,1284
170,CC,product.Yield.managed.Total,0,R,,1285
171,CC,product.HarvestedVolume.managed.BL.CC,0,R,,1293
171,CC,product.HarvestedVolume.managed.SE.CC,0,R,,1294
171,CC,product.HarvestedVolume.managed.SW.CC,0,R,,1295
171,CC,product.HarvestedVolume.managed.Total.CC,0,R,,1285
171,CC,product.SpeciesProp.managed.BL,0,R,,1296
171,CC,product.SpeciesProp.managed.SE,0,R,,1297
171,CC,product.SpeciesProp.managed.SW,0,R,,1298
171,CC,product.Treated.managed.CC,0,R,,152
171,CC,product.Yield.managed.BL,0,R,,1293
171,CC,product.Yield.managed.SE,0,R,,1294
171,CC,product.Yield.managed.SW,0,R,,1295
171,CC,product.Yield.managed.Total,0,R,,1285
172,CC,product.HarvestedVolume.managed.BL.CC,0,R,,1302
172,CC,product.HarvestedVolume.managed.SX.CC,0,R,,1303
172,CC,product.HarvestedVolume.managed.Total.CC,0,R,,1304
172,CC,product.SpeciesProp.managed.BL,0,R,,502
172,CC,product.SpeciesProp.managed.SX,0,R,,1305
172,CC,product.Treated.managed.CC,0,R,,217
172,CC,product.Yield.managed.BL,0,R,,1302
172,CC,product.Yield.managed.SX,0,R,,1303
172,CC,product.Yield.managed.Total,0,R,,1304
175,CC,product.HarvestedVolume.managed.AT.CC,0,R,,1319
175,CC,product.HarvestedVolume.managed.SX.CC,0,R,,1320
175,CC,product.HarvestedVolume.managed.Total.CC,0,R,,1321
175,CC,product.SpeciesProp.managed.AT,0,R,,1322
175,CC,product.SpeciesProp.managed.SX,0,R,,1323
175,CC,product.Treated.managed.CC,0,R,,1009
175,CC,product.Yield.managed.AT,0,R,,1319
175,CC,product.Yield.managed.SX,0,R,,1320
175,CC,product.Yield.managed.Total,0,R,,1321
176,CC,product.HarvestedVolume.managed.AT.CC,0,R,,1329
176,CC,product.HarvestedVolume.managed.SW.CC,0,R,,1330
176,CC,product.HarvestedVolume.managed.SX.CC,0,R,,1331
176,CC,product.HarvestedVolume.managed.Total.CC,0,R,,1321
176,CC,product.SpeciesProp.managed.AT,0,R,,1332
176,CC,product.SpeciesProp.managed.SW,0,R,,1007
176,CC,product.SpeciesProp.managed.SX,0,R,,1333
176,CC,product.Treated.managed.CC,0,R,,1009
176,CC,product.Yield.managed.AT,0,R,,1329
176,CC,product.Yield.managed.SW,0,R,,1330
176,CC,product.Yield.managed.SX,0,R,,1331
176,CC,product.Yield.managed.Total,0,R,,1321
178,CC,product.HarvestedVolume.managed.PL.CC,0,R,,1340
178,CC,product.HarvestedVolume.managed.Total.CC,0,R,,1340
178,CC,product.SpeciesProp.managed.PL,0,R,,92
178,CC,product.Treated.managed.CC,0,R,,92
178,CC,product.Yield.managed.PL,0,R,,1340
178,CC,product.Yield.managed.Total,0,R,,1340
179,CC,product.HarvestedVolume.managed.PLI.CC,0,R,,1345
179,CC,product.HarvestedVolume.managed.SE.CC,0,R,,1346
179,CC,product.HarvestedVolume.managed.Total.CC,0,R,,1347
179,CC,product.SpeciesProp.managed.PLI,0,R,,1348
179,CC,product.SpeciesProp.managed.SE,0,R,,1349
179,CC,product.Treated.managed.CC,0,R,,15
179,CC,product.Yield.managed.PLI,0,R,,1345
179,CC,product.Yield.managed.SE,0,R,,1346
179,CC,product.Yield.managed.Total,0,R,,1347
180,CC,product.HarvestedVolume.managed.PLI.CC,0,R,,1353
180,CC,product.HarvestedVolume.managed.SE.CC,0,R,,1354
180,CC,product.HarvestedVolume.managed.Total.CC,0,R,,1347
180,CC,product.SpeciesProp.managed.PLI,0,R,,1355
180,CC,product.SpeciesProp.managed.SE,0,R,,1356
180,CC,product.Treated.managed.CC,0,R,,15
180,CC,product.Yield.managed.PLI,0,R,,1353
180,CC,product.Yield.managed.SE,0,R,,1354
180,CC,product.Yield.managed.Total,0,R,,1347
182,CC,product.HarvestedVolume.managed.PLI.CC,0,R,,1364
182,CC,product.HarvestedVolume.managed.SE.CC,0,R,,1365
182,CC,product.HarvestedVolume.managed.Total.CC,0,R,,1366
182,CC,product.SpeciesProp.managed.PLI,0,R,,1367
182,CC,product.SpeciesProp.managed.SE,0,R,,1368
182,CC,product.Treated.managed.CC,0,R,,217
182,CC,product.Yield.managed.PLI,0,R,,1364
182,CC,product.Yield.managed.SE,0,R,,1365
182,CC,product.Yield.managed.Total,0,R,,1366
184,CC,product.HarvestedVolume.managed.FDI.CC,0,R,,1379
184,CC,product.HarvestedVolume.managed.PLI.CC,0,R,,1380
184,CC,product.HarvestedVolume.managed.Total.CC,0,R,,1381
184,CC,product.SpeciesProp.managed.FDI,0,R,,1382
184,CC,product.SpeciesProp.managed.PLI,0,R,,1383
184,CC,product.Treated.managed.CC,0,R,,92
184,CC,product.Yield.managed.FDI,0,R,,1379
184,CC,product.Yield.managed.PLI,0,R,,1380
184,CC,product.Yield.managed.Total,0,R,,1381
185,CC,product.HarvestedVolume.managed.PL.CC,0,R,,1385
185,CC,product.HarvestedVolume.managed.Total.CC,0,R,,1385
185,CC,product.SpeciesProp.managed.PL,0,R,,1386
185,CC,product.Treated.managed.CC,0,R,,1386
185,CC,product.Yield.managed.PL,0,R,,1385
185,CC,product.Yield.managed.Total,0,R,,1385
